NI51KSU,yes,10,Green,2029-06-16,2025-09-16,Oriental Insurance,HERO MOTOCORP LTD,ACTIVE,2015-12-17,AS,2005,personal,2027-10-18
HA13NRU,yes,4,Black,2030-02-26,2023-09-04,SBI General,Honda,ACTIVE,2013-02-07,CN,2003,personal,2023-08-13
NY51KSU,yes,6,Silver,2027-02-12,2028-04-27,SBI General,Maruti Suzuki,DEACTIVE,2010-01-20,HF,2012,commercial,2031-03-18
NY51VSU,no,0,Blue,2031-01-20,2024-07-23,SBI General,Honda,ACTIVE,2021-05-02,RC,2018,personal,2025-09-02
JN41JNR,no,0,Green,2029-04-19,2029-02-26,Future Generali,Tata Motors,ACTIVE,2022-09-05,WS,2008,personal,2024-09-19
HU51VSV,no,0,Yellow,2031-11-12,2026-01-13,Bajaj Allianz,Maruti Suzuki,ACTIVE,2016-06-10,UH,2005,commercial,2026-11-26
NU51ISU,yes,5,Green,2026-01-25,2032-12-21,Tata AIG,Hyundai,ACTIVE,2021-02-17,AJ,2014,personal,2027-01-07
JH43HPU,no,0,Silver,2030-12-10,2027-07-11,New India Assurance,Maruti Suzuki,DEACTIVE,2020-11-06,UT,2009,personal,2025-10-23
MU51FSU,yes,6,Green,2028-02-26,2033-06-28,ICICI LOMBARD,Honda,ACTIVE,2014-09-30,DI,2023,commercial,2029-12-02
JN43NRU,no,0,Black,2026-01-15,2025-10-03,ICICI LOMBARD,Toyota,ACTIVE,2023-04-09,FE,2013,personal,2032-11-13
NU51RSU,yes,2,Yellow,2025-06-16,2028-12-24,Future Generali,HERO MOTOCORP LTD,DEACTIVE,2016-01-07,RM,2004,commercial,2025-02-05
KU51DSU,yes,3,Black,2033-07-27,2023-08-20,New India Assurance,Hyundai,ACTIVE,2016-08-29,ZY,2012,commercial,2025-03-17
KU51KSV,no,0,White,2024-01-04,2024-08-18,Oriental Insurance,Honda,ACTIVE,2023-06-12,NS,2004,personal,2032-02-08
MI51GSV,yes,8,Blue,2027-06-18,2027-05-25,United India Insurance,Hyundai,ACTIVE,2019-03-29,ZH,2015,personal,2028-01-25
NU51ESV,yes,4,Green,2032-04-13,2030-03-30,Bajaj Allianz,HERO MOTOCORP LTD,ACTIVE,2011-02-19,CK,2005,personal,2029-12-08
GX15OCA,no,0,Black,2026-05-15,2024-12-04,New India Assurance,HERO MOTOCORP LTD,ACTIVE,2015-06-30,UQ,2017,personal,2029-09-15
AF05JED,yes,6,White,2030-02-16,2026-04-03,Bajaj Allianz,Maruti Suzuki,DEACTIVE,2014-01-07,IO,2005,personal,2031-12-03
KH05ZZY,no,0,Green,2028-01-04,2027-11-23,Oriental Insurance,HERO MOTOCORP LTD,ACTIVE,2018-06-15,GT,2016,commercial,2024-11-15
YH05ZIK,no,0,Red,2026-03-21,2025-11-09,Oriental Insurance,Honda,ACTIVE,2016-07-19,JA,2021,commercial,2032-05-11
AF05JEQ,no,0,Silver,2032-10-22,2027-07-03,Tata AIG,Toyota,DEACTIVE,2021-08-20,QZ,2006,commercial,2031-04-01
KW05ZIK,no,0,Red,2033-04-02,2031-10-19,Reliance General,Tata Motors,DEACTIVE,2012-01-09,DF,2010,personal,2032-12-27
AP05JEI,yes,8,Blue,2033-05-23,2030-08-22,HDFC ERGO,Tata Motors,DEACTIVE,2017-06-20,LA,2022,commercial,2029-04-14
RN05ZZK,yes,7,Green,2023-11-04,2029-09-09,Future Generali,Toyota,ACTIVE,2021-06-06,LC,2009,commercial,2031-12-24
KH05ZIH,no,0,White,2030-05-01,2029-10-31,SBI General,HERO MOTOCORP LTD,DEACTIVE,2018-06-04,BV,2010,commercial,2026-04-14
RH05ZZI,no,0,Red,2030-04-25,2026-12-22,Reliance General,Maruti Suzuki,ACTIVE,2019-02-22,KH,2016,commercial,2030-04-29
AP15JEQ,yes,7,White,2031-03-28,2032-11-10,SBI General,Tata Motors,DEACTIVE,2021-10-11,JL,2010,personal,2026-06-09
KH65ZZK,yes,7,Silver,2032-07-10,2028-06-08,HDFC ERGO,Maruti Suzuki,DEACTIVE,2018-10-09,PS,2005,commercial,2029-09-12
EY61HBC,no,0,Black,2025-03-27,2026-09-12,Reliance General,Tata Motors,ACTIVE,2018-09-26,BQ,2014,commercial,2033-07-03
EY51NBL,no,0,Silver,2029-03-17,2031-06-25,HDFC ERGO,Honda,DEACTIVE,2013-06-09,SQ,2022,commercial,2028-08-04
EV51HBG,no,0,Blue,2025-11-11,2032-08-29,ICICI LOMBARD,HERO MOTOCORP LTD,ACTIVE,2015-12-20,MB,2018,commercial,2025-06-29
EV61NEG,yes,3,Blue,2023-11-03,2030-12-07,United India Insurance,Honda,DEACTIVE,2021-11-01,HD,2015,personal,2025-09-11
BG55USJ,no,0,Green,2028-02-25,2029-11-18,SBI General,Maruti Suzuki,ACTIVE,2018-02-28,RJ,2011,commercial,2026-10-16
IC65USJ,no,0,Silver,2025-01-12,2031-02-16,ICICI LOMBARD,Hyundai,DEACTIVE,2015-04-18,XB,2010,commercial,2031-01-07
BG65USJ,no,0,Green,2028-05-30,2025-03-15,Tata AIG,Honda,ACTIVE,2017-11-27,HA,2011,commercial,2025-06-26
IX54DNV,no,0,Green,2026-09-09,2031-05-29,Oriental Insurance,Maruti Suzuki,ACTIVE,2023-01-26,LK,2014,commercial,2027-05-01
VK64DNV,yes,6,Red,2028-07-06,2029-07-23,Reliance General,HERO MOTOCORP LTD,DEACTIVE,2019-11-20,EN,2012,commercial,2033-05-12
NA50KGL,yes,9,Black,2031-01-05,2029-09-24,SBI General,Maruti Suzuki,ACTIVE,2010-04-06,HF,2009,commercial,2033-06-27
GU65USJ,no,0,Silver,2033-02-28,2031-04-26,SBI General,Maruti Suzuki,DEACTIVE,2015-05-04,PR,2019,commercial,2032-03-12
GV65USJ,no,0,Black,2028-03-25,2031-01-01,Tata AIG,Tata Motors,DEACTIVE,2022-04-12,BE,2011,commercial,2030-01-28
AK54IHV,no,0,Blue,2027-08-19,2031-10-13,Future Generali,Maruti Suzuki,ACTIVE,2018-09-11,HZ,2015,personal,2031-06-24
AK54INY,no,0,Red,2025-05-30,2031-03-04,HDFC ERGO,Tata Motors,DEACTIVE,2023-05-24,KN,2002,commercial,2026-04-03
IK64DXY,yes,4,Red,2027-06-02,2024-12-14,Bajaj Allianz,HERO MOTOCORP LTD,ACTIVE,2017-06-06,QX,2018,personal,2033-05-11
IG65USJ,no,0,Silver,2026-09-24,2025-01-13,SBI General,Tata Motors,ACTIVE,2022-05-25,UI,2019,commercial,2031-01-27
AK64DKY,yes,5,Silver,2025-12-06,2027-08-05,HDFC ERGO,Tata Motors,ACTIVE,2022-11-21,IP,2001,personal,2032-06-03
NA54KCJ,yes,1,Red,2026-10-09,2030-02-16,Oriental Insurance,Hyundai,ACTIVE,2015-02-11,NF,2002,commercial,2025-04-20
IK64DKY,no,0,White,2029-10-06,2023-09-25,Future Generali,Toyota,DEACTIVE,2016-07-25,LK,2006,personal,2024-03-24
AM64DHV,yes,8,Silver,2030-11-09,2024-09-11,Reliance General,Hyundai,ACTIVE,2022-02-26,WX,2001,commercial,2033-03-16
AK64QAV,yes,8,Yellow,2025-01-09,2032-03-04,HDFC ERGO,Toyota,DEACTIVE,2013-01-24,TD,2006,personal,2030-10-26
IK64IKV,no,0,Black,2033-07-21,2027-11-09,SBI General,Toyota,DEACTIVE,2020-02-08,RJ,2009,personal,2023-11-16
AK64IMV,no,0,Yellow,2026-03-10,2031-05-04,United India Insurance,Honda,DEACTIVE,2021-05-03,UM,2022,commercial,2027-01-26
AK54DKV,yes,1,Black,2025-11-01,2025-11-02,SBI General,Honda,DEACTIVE,2013-03-14,VG,2017,personal,2030-04-06
AK64IKV,yes,6,Red,2024-07-04,2032-08-11,Reliance General,Hyundai,DEACTIVE,2017-11-06,FT,2009,commercial,2026-02-23
RA54KOJ,yes,8,White,2027-11-15,2030-03-18,New India Assurance,Maruti Suzuki,ACTIVE,2016-11-16,QK,2022,personal,2028-07-06
AK64DNV,no,0,Red,2023-12-04,2030-07-21,SBI General,Hyundai,DEACTIVE,2011-09-10,LW,2009,personal,2027-11-28
MA54KOJ,no,0,Red,2033-03-04,2031-09-03,Reliance General,Hyundai,ACTIVE,2013-08-27,KG,2005,commercial,2028-02-14
AK54IKV,yes,7,Blue,2030-12-12,2032-10-29,United India Insurance,Tata Motors,DEACTIVE,2011-05-06,KV,2016,personal,2030-04-27
AX54DHV,yes,2,Yellow,2030-09-02,2029-02-05,SBI General,HERO MOTOCORP LTD,DEACTIVE,2010-08-23,TW,2002,personal,2029-06-01
WV62NIJ,yes,10,Green,2030-04-21,2026-01-03,New India Assurance,Tata Motors,ACTIVE,2019-05-15,OP,2020,personal,2031-02-04
AK69DMV,no,0,Blue,2028-07-04,2030-02-02,SBI General,Hyundai,ACTIVE,2010-10-10,MZ,2008,commercial,2024-05-30
NU62HYJ,no,0,Black,2029-05-15,2029-08-01,New India Assurance,Toyota,ACTIVE,2012-10-12,LO,2018,commercial,2026-05-04
US52GIJ,no,0,Yellow,2025-02-27,2030-02-20,Tata AIG,Honda,ACTIVE,2011-01-07,GF,2022,personal,2029-10-03
OU52MYJ,no,0,Blue,2032-01-02,2028-12-23,New India Assurance,Honda,DEACTIVE,2013-02-13,ZF,2004,personal,2025-07-23
QU52HYJ,no,0,Blue,2033-05-25,2025-02-25,ICICI LOMBARD,Hyundai,ACTIVE,2010-02-27,JE,2001,personal,2026-09-12
AF65JKY,yes,4,Yellow,2024-02-10,2032-01-19,Bajaj Allianz,Maruti Suzuki,DEACTIVE,2013-11-05,RB,2011,personal,2026-08-30
GJ16CPL,yes,2,Silver,2023-10-29,2027-07-16,United India Insurance,Maruti Suzuki,DEACTIVE,2015-11-10,FD,2012,personal,2030-01-09
NJ65JKV,yes,7,Black,2029-06-05,2029-06-18,Tata AIG,HERO MOTOCORP LTD,ACTIVE,2020-04-10,BF,2013,commercial,2027-03-07
QJ06EPL,yes,6,Silver,2024-05-10,2028-01-26,United India Insurance,HERO MOTOCORP LTD,ACTIVE,2014-12-29,TY,2021,personal,2028-09-15
OG35EPO,yes,2,Red,2028-08-27,2025-01-03,Reliance General,Maruti Suzuki,DEACTIVE,2012-01-05,LD,2013,commercial,2031-07-03
GJ06EFQ,no,0,Blue,2023-12-30,2026-07-25,Oriental Insurance,Honda,ACTIVE,2021-01-22,LS,2014,personal,2026-12-09
LJ06EPU,no,0,Blue,2024-03-24,2027-02-13,United India Insurance,Toyota,DEACTIVE,2014-08-30,TD,2003,personal,2029-10-06
GJ06CPO,no,0,Green,2026-11-22,2024-07-26,ICICI LOMBARD,Hyundai,ACTIVE,2014-01-27,EA,2023,personal,2026-10-24
GJ16EPI,yes,4,Red,2031-04-12,2026-06-06,Bajaj Allianz,HERO MOTOCORP LTD,ACTIVE,2019-05-05,LG,2013,commercial,2030-08-22
RH06RSO,yes,2,White,2027-07-12,2026-07-14,Future Generali,Toyota,DEACTIVE,2014-06-17,GP,2015,commercial,2033-02-19
GJ16EPQ,no,0,Silver,2033-04-02,2032-08-22,Tata AIG,Toyota,ACTIVE,2022-04-08,RW,2003,commercial,2023-10-21
RH06KSV,no,0,White,2030-04-12,2023-09-25,New India Assurance,HERO MOTOCORP LTD,ACTIVE,2015-01-15,UL,2021,personal,2029-07-22
LG30EEP,yes,8,Yellow,2033-02-07,2031-06-25,Reliance General,Tata Motors,ACTIVE,2010-11-24,AJ,2012,personal,2024-07-20
IG36EPD,yes,3,Blue,2025-06-26,2026-10-02,Bajaj Allianz,Hyundai,ACTIVE,2013-06-27,YA,2009,personal,2026-05-15
TJ06EPO,yes,7,Yellow,2032-01-25,2024-05-12,Reliance General,Toyota,DEACTIVE,2022-11-10,BS,2001,commercial,2026-03-15
CJ06EPO,yes,10,Black,2026-04-29,2031-12-02,Oriental Insurance,Maruti Suzuki,DEACTIVE,2016-09-06,MX,2019,personal,2026-02-18
LW15ZZC,no,0,White,2032-07-01,2032-10-16,Future Generali,Toyota,DEACTIVE,2015-04-02,HU,2009,commercial,2030-12-08
GJ06EPN,no,0,Silver,2027-12-30,2031-05-20,ICICI LOMBARD,HERO MOTOCORP LTD,ACTIVE,2013-09-05,RV,2020,commercial,2030-10-09
GJ06EPP,no,0,Silver,2032-07-21,2026-06-18,Oriental Insurance,HERO MOTOCORP LTD,ACTIVE,2018-03-15,WN,2009,commercial,2029-03-20
DJ06EPQ,no,0,Red,2030-11-05,2030-12-05,United India Insurance,Maruti Suzuki,DEACTIVE,2018-03-01,JY,2011,commercial,2027-04-06
GJ05EFD,yes,8,Green,2032-07-07,2023-12-08,United India Insurance,Honda,ACTIVE,2010-05-13,EO,2000,personal,2027-01-02
LH55ZZC,yes,2,Red,2023-11-22,2029-10-16,Oriental Insurance,Hyundai,ACTIVE,2015-06-28,OV,2008,personal,2024-01-29
QJ06EPQ,yes,7,White,2029-02-23,2031-06-28,Future Generali,Hyundai,ACTIVE,2019-10-25,SO,2006,personal,2028-02-12
LK15ZZC,yes,9,Blue,2024-09-04,2027-04-30,Bajaj Allianz,Hyundai,DEACTIVE,2012-09-29,EK,2002,personal,2028-11-15
LI03NIS,yes,1,Green,2032-08-05,2029-04-15,SBI General,Tata Motors,ACTIVE,2023-07-03,CR,2022,commercial,2033-01-23
DA07CLR,no,0,Yellow,2028-04-27,2032-05-29,ICICI LOMBARD,Hyundai,DEACTIVE,2020-09-12,WU,2012,personal,2030-03-25
DA07CLK,yes,7,Red,2031-03-05,2033-01-25,HDFC ERGO,Maruti Suzuki,ACTIVE,2011-06-28,FB,2004,personal,2032-11-26
LY09VIS,yes,7,Black,2031-12-01,2026-06-25,HDFC ERGO,Tata Motors,ACTIVE,2014-09-12,YQ,2008,personal,2027-03-01
EV06VIS,no,0,White,2026-10-04,2025-02-25,Reliance General,HERO MOTOCORP LTD,DEACTIVE,2011-11-17,VR,2023,commercial,2023-09-04
EV03VVS,no,0,Blue,2029-10-01,2028-03-29,United India Insurance,Tata Motors,DEACTIVE,2020-04-05,EK,2021,personal,2023-09-06
EX06KVS,yes,2,Yellow,2032-02-29,2028-09-09,Oriental Insurance,Hyundai,DEACTIVE,2013-05-28,DW,2002,commercial,2026-04-06
ET06VIS,yes,8,Green,2031-12-01,2032-10-31,Future Generali,HERO MOTOCORP LTD,ACTIVE,2019-09-26,NE,2012,commercial,2032-04-22
EY06YYS,no,0,Red,2024-07-03,2030-04-24,Tata AIG,Toyota,ACTIVE,2021-06-16,VJ,2020,commercial,2025-11-06
EX06VUS,no,0,Silver,2033-06-27,2032-01-05,Tata AIG,Toyota,ACTIVE,2017-04-12,AP,2012,personal,2029-06-12
EX06VVS,no,0,Red,2032-02-27,2029-11-08,HDFC ERGO,Hyundai,ACTIVE,2016-11-30,LP,2004,commercial,2033-07-02
EY03VVS,yes,8,Red,2030-08-20,2029-12-17,Reliance General,HERO MOTOCORP LTD,ACTIVE,2012-11-19,XE,2009,personal,2029-08-19
EV06VUS,no,0,Green,2032-10-26,2028-10-15,New India Assurance,Hyundai,DEACTIVE,2019-03-06,SG,2008,commercial,2026-03-22
EY09VMS,yes,3,Green,2028-09-17,2027-12-04,HDFC ERGO,HERO MOTOCORP LTD,DEACTIVE,2020-05-28,AV,2012,personal,2030-08-10
EY05VVS,no,0,Red,2031-02-08,2026-08-01,Tata AIG,Tata Motors,DEACTIVE,2021-01-09,IC,2023,personal,2028-12-05
EY06WYS,no,0,Green,2030-09-23,2024-09-17,New India Assurance,HERO MOTOCORP LTD,ACTIVE,2021-08-03,OJ,2021,personal,2029-06-28
EY06WWS,no,0,Red,2026-06-01,2024-05-16,HDFC ERGO,HERO MOTOCORP LTD,ACTIVE,2020-04-21,YC,2020,commercial,2031-10-10
EY09VHS,no,0,Black,2033-03-15,2028-02-21,ICICI LOMBARD,Honda,ACTIVE,2012-03-15,QP,2012,commercial,2027-01-10
EY09VFS,yes,7,Yellow,2027-11-20,2026-12-01,ICICI LOMBARD,Hyundai,ACTIVE,2015-04-02,FC,2020,commercial,2025-05-06
EY09KYS,yes,8,Black,2025-05-14,2023-09-16,United India Insurance,Hyundai,ACTIVE,2018-08-13,MI,2006,commercial,2023-12-05
EY05VMS,no,0,Black,2031-09-10,2030-08-15,United India Insurance,Toyota,DEACTIVE,2013-10-26,VJ,2003,personal,2029-08-05
EY05VHS,no,0,Silver,2027-09-30,2024-03-21,SBI General,Hyundai,ACTIVE,2013-03-10,XQ,2002,commercial,2033-04-30
EY09WUS,yes,8,Red,2032-01-27,2028-03-15,New India Assurance,Maruti Suzuki,DEACTIVE,2011-06-10,WY,2011,personal,2029-07-31
EV09VMS,yes,10,White,2033-02-13,2025-01-28,Future Generali,Honda,DEACTIVE,2015-06-08,WI,2000,personal,2031-05-22
EY01VYS,yes,5,Green,2030-07-05,2029-09-08,ICICI LOMBARD,Toyota,DEACTIVE,2013-08-09,LZ,2003,commercial,2031-10-13
EY03VNS,yes,4,Blue,2024-12-19,2024-03-31,Future Generali,Maruti Suzuki,DEACTIVE,2021-04-15,MY,2009,personal,2028-12-17
EY09WYS,no,0,Green,2029-07-20,2028-06-10,United India Insurance,HERO MOTOCORP LTD,DEACTIVE,2014-02-21,NK,2023,commercial,2033-04-04
EY09VPS,no,0,Green,2026-09-23,2024-11-09,Tata AIG,Hyundai,ACTIVE,2020-03-28,SP,2012,commercial,2030-06-22
BP63LTH,yes,7,White,2030-12-24,2024-07-28,ICICI LOMBARD,Tata Motors,DEACTIVE,2019-12-16,RF,2009,commercial,2031-12-08
KG65ZFY,yes,9,White,2030-02-11,2033-05-01,ICICI LOMBARD,HERO MOTOCORP LTD,DEACTIVE,2014-08-12,NC,2020,commercial,2025-12-26
UG65ZFY,yes,3,White,2033-01-01,2032-11-28,SBI General,Hyundai,ACTIVE,2011-04-15,SZ,2016,commercial,2030-09-03
NC55ZFK,yes,4,Green,2031-02-01,2026-08-27,United India Insurance,HERO MOTOCORP LTD,ACTIVE,2021-01-19,ZP,2001,personal,2029-05-24
OC65ZFX,yes,10,Green,2033-03-06,2029-02-01,ICICI LOMBARD,Toyota,DEACTIVE,2011-12-11,UF,2002,personal,2030-03-15
IN66SZF,no,0,Black,2025-01-17,2031-03-15,HDFC ERGO,Honda,DEACTIVE,2014-08-08,EU,2007,personal,2025-12-31
KC65ZFY,no,0,Red,2027-06-12,2024-05-21,SBI General,Honda,ACTIVE,2015-07-06,DM,2007,personal,2031-11-29
NC55ZFX,no,0,Black,2023-09-14,2025-10-22,HDFC ERGO,Honda,DEACTIVE,2012-08-02,XX,2015,personal,2030-06-19
NC65ZEY,yes,6,Green,2029-09-12,2025-11-10,United India Insurance,Hyundai,DEACTIVE,2020-08-11,SE,2017,commercial,2032-04-06
VC65ZFX,yes,2,Black,2031-06-13,2024-01-13,Future Generali,Toyota,DEACTIVE,2022-08-23,FT,2014,personal,2024-06-17
UG65ZFX,no,0,Green,2027-03-21,2024-03-22,Bajaj Allianz,HERO MOTOCORP LTD,DEACTIVE,2021-12-20,AG,2019,personal,2033-03-28
AG65ZFX,yes,2,Black,2026-11-20,2029-12-17,Future Generali,Maruti Suzuki,DEACTIVE,2021-05-11,RB,2019,commercial,2023-09-13
NG65ZFK,no,0,Silver,2027-07-05,2027-09-08,HDFC ERGO,Maruti Suzuki,ACTIVE,2019-12-10,BB,2018,commercial,2030-09-09
LL61PZS,yes,6,Yellow,2028-09-25,2031-05-17,SBI General,Maruti Suzuki,DEACTIVE,2017-11-30,ZO,2001,personal,2026-04-07
LL51FZS,no,0,Yellow,2028-08-16,2024-06-09,Reliance General,HERO MOTOCORP LTD,ACTIVE,2016-10-25,DS,2012,commercial,2027-03-18
LL61FZS,yes,5,White,2027-04-20,2028-12-08,ICICI LOMBARD,Hyundai,ACTIVE,2018-07-10,KV,2019,personal,2032-05-18
IL64OGX,yes,9,Green,2032-12-17,2029-06-02,HDFC ERGO,Tata Motors,ACTIVE,2018-11-19,BH,2013,personal,2029-02-04
HL54OGX,no,0,Silver,2030-08-23,2032-02-03,HDFC ERGO,Honda,DEACTIVE,2010-01-03,FY,2010,commercial,2024-09-25
HL60OGX,no,0,Silver,2033-07-10,2028-02-03,Future Generali,Hyundai,ACTIVE,2010-09-21,GW,2020,personal,2030-02-05
HL60OCX,no,0,Green,2026-12-14,2024-03-12,Future Generali,Tata Motors,ACTIVE,2012-05-09,BP,2015,commercial,2026-11-22
LP14LJI,no,0,Black,2024-01-18,2027-02-01,ICICI LOMBARD,HERO MOTOCORP LTD,DEACTIVE,2019-09-28,EA,2022,personal,2031-08-12
KL50CCY,yes,2,Green,2029-03-19,2025-05-26,Bajaj Allianz,Maruti Suzuki,DEACTIVE,2022-01-09,SF,2002,personal,2024-05-26
NL50CCY,yes,3,Silver,2027-10-14,2028-03-22,United India Insurance,Toyota,ACTIVE,2014-10-29,EO,2000,commercial,2030-10-11
NL54CCY,no,0,Yellow,2029-06-16,2032-08-11,Oriental Insurance,Hyundai,DEACTIVE,2018-02-04,QW,2006,commercial,2027-06-18
NL64OGK,yes,6,White,2026-03-22,2027-03-19,HDFC ERGO,Honda,ACTIVE,2018-02-07,TF,2008,personal,2033-05-19
LP16LJA,no,0,Black,2031-03-01,2032-02-12,SBI General,Honda,DEACTIVE,2017-04-09,XT,2022,personal,2029-01-15
CE61LYU,no,0,Blue,2033-04-29,2026-11-27,Oriental Insurance,Honda,ACTIVE,2011-07-20,KL,2011,commercial,2029-10-12
CE61NYI,no,0,Yellow,2024-03-15,2027-10-21,Bajaj Allianz,Tata Motors,DEACTIVE,2010-11-25,XK,2009,commercial,2027-11-19
CE51NYL,no,0,Yellow,2025-01-10,2031-07-18,Tata AIG,HERO MOTOCORP LTD,ACTIVE,2018-08-03,QJ,2022,commercial,2026-12-26
CE61IYL,no,0,Blue,2031-07-10,2024-12-13,SBI General,HERO MOTOCORP LTD,DEACTIVE,2011-05-02,XC,2009,commercial,2026-05-29
CE61DYL,yes,4,Green,2030-10-23,2029-11-25,ICICI LOMBARD,Toyota,DEACTIVE,2010-10-13,FF,2001,commercial,2033-01-23
CE51CYL,yes,10,Yellow,2024-06-09,2028-12-15,SBI General,Maruti Suzuki,DEACTIVE,2011-05-07,AC,2021,personal,2026-11-12
CE51DYL,no,0,White,2023-11-21,2029-03-22,New India Assurance,Hyundai,ACTIVE,2016-07-17,XO,2019,personal,2026-09-25
EC56DWP,yes,8,Green,2029-12-17,2026-11-29,SBI General,HERO MOTOCORP LTD,DEACTIVE,2010-02-19,EG,2009,commercial,2030-07-10
SC55DFP,yes,4,Blue,2026-07-03,2025-03-28,ICICI LOMBARD,Toyota,ACTIVE,2015-07-14,QM,2006,personal,2024-11-04
SC55DKP,no,0,White,2031-11-15,2032-01-25,Future Generali,Honda,DEACTIVE,2021-12-12,ZH,2003,commercial,2030-08-28
SC55DVP,yes,9,Green,2029-08-28,2027-01-10,Bajaj Allianz,HERO MOTOCORP LTD,ACTIVE,2014-05-20,SS,2017,personal,2029-09-04
SC56OYP,yes,7,Yellow,2026-05-17,2029-12-14,Bajaj Allianz,Maruti Suzuki,DEACTIVE,2015-02-09,UT,2017,commercial,2029-01-09
