NI51KSU,yes,10,Green,16-06-2029,16-09-2025,Oriental Insurance,HERO MOTOCORP LTD,ACTIVE,17-12-2015,AS,2005,personal,18-10-2027
HA13NRU,yes,4,Black,26-02-2030,04-09-2023,SBI General,Honda,ACTIVE,07-02-2013,CN,2003,personal,13-08-2023
NY51KSU,yes,6,Silver,12-02-2027,27-04-2028,SBI General,Maruti Suzuki,DEACTIVE,20-01-2010,HF,2012,commercial,18-03-2031
NY51VSU,no,0,Blue,20-01-2031,23-07-2024,SBI General,Honda,ACTIVE,02-05-2021,RC,2018,personal,02-09-2025
JN41JNR,no,0,Green,19-04-2029,26-02-2029,Future Generali,Tata Motors,ACTIVE,05-09-2022,WS,2008,personal,19-09-2024
HU51VSV,no,0,Yellow,12-11-2031,13-01-2026,Bajaj Allianz,Maruti Suzuki,ACTIVE,10-06-2016,UH,2005,commercial,26-11-2026
NU51ISU,yes,5,Green,25-01-2026,21-12-2032,Tata AIG,Hyundai,ACTIVE,17-02-2021,AJ,2014,personal,07-01-2027
JH43HPU,no,0,Silver,10-12-2030,11-07-2027,New India Assurance,Maruti Suzuki,DEACTIVE,06-11-2020,UT,2009,personal,23-10-2025
MU51FSU,yes,6,Green,26-02-2028,28-06-2033,ICICI LOMBARD,Honda,ACTIVE,30-09-2014,DI,2023,commercial,02-12-2029
JN43NRU,no,0,Black,15-01-2026,03-10-2025,ICICI LOMBARD,Toyota,ACTIVE,09-04-2023,FE,2013,personal,13-11-2012
NU51RSU,yes,2,Yellow,16-06-2025,24-12-2028,Future Generali,HERO MOTOCORP LTD,DEACTIVE,07-01-2016,RM,2004,commercial,05-02-2025
KU51DSU,yes,3,Black,27-07-2033,20-08-2023,New India Assurance,Hyundai,ACTIVE,29-08-2016,ZY,2012,commercial,17-03-2025
KU51KSV,no,0,White,04-01-2024,18-08-2024,Oriental Insurance,Honda,ACTIVE,12-06-2023,NS,2004,personal,08-02-2032
MI51GSV,yes,8,Blue,18-06-2017,25-05-2027,United India Insurance,Hyundai,ACTIVE,29-03-2019,ZH,2015,personal,25-01-2028
NU51ESV,yes,4,Green,13-04-2032,30-03-2030,Bajaj Allianz,HERO MOTOCORP LTD,ACTIVE,19-02-2011,CK,2005,personal,08-12-2029
GX15OCA,no,0,Black,15-05-2026,04-12-2024,New India Assurance,HERO MOTOCORP LTD,ACTIVE,30-06-2015,UQ,2017,personal,15-09-2029
AF05JED,yes,6,White,16-02-2010,03-04-2026,Bajaj Allianz,Maruti Suzuki,DEACTIVE,07-01-2014,IO,2005,personal,03-12-2011
KH05ZZY,no,0,Green,04-01-2028,23-11-2027,Oriental Insurance,HERO MOTOCORP LTD,ACTIVE,15-06-2018,GT,2016,commercial,15-11-2024
YH05ZIK,no,0,Red,21-03-2026,09-11-2025,Oriental Insurance,Honda,ACTIVE,19-07-2016,JA,2021,commercial,11-05-2032
AF05JEQ,no,0,Silver,22-10-2032,03-07-2027,Tata AIG,Toyota,DEACTIVE,20-08-2021,QZ,2006,commercial,01-04-2031
KW05ZIK,no,0,Red,02-04-2033,19-10-2031,Reliance General,Tata Motors,DEACTIVE,09-01-2012,DF,2010,personal,27-12-2032
AP05JEI,yes,8,Blue,23-05-2033,22-08-2030,HDFC ERGO,Tata Motors,DEACTIVE,20-06-2017,LA,2022,commercial,14-04-2029
RN05ZZK,yes,7,Green,04-11-2013,09-09-2029,Future Generali,Toyota,ACTIVE,06-06-2021,LC,2009,commercial,24-12-2031
KH05ZIH,no,0,White,01-05-2030,31-10-2029,SBI General,HERO MOTOCORP LTD,DEACTIVE,04-06-2018,BV,2010,commercial,14-04-2026
RH05ZZI,no,0,Red,25-04-2030,22-12-2026,Reliance General,Maruti Suzuki,ACTIVE,22-02-2019,KH,2016,commercial,29-04-2030
AP15JEQ,yes,7,White,28-03-2011,10-11-2032,SBI General,Tata Motors,DEACTIVE,11-10-2021,JL,2010,personal,09-06-2026
KH65ZZK,yes,7,Silver,10-07-2032,08-06-2028,HDFC ERGO,Maruti Suzuki,DEACTIVE,09-10-2018,PS,2005,commercial,12-09-2029
EY61HBC,no,0,Black,27-03-2025,12-09-2026,Reliance General,Tata Motors,ACTIVE,26-09-2018,BQ,2014,commercial,03-07-2033
EY51NBL,no,0,Silver,17-03-2029,25-06-2031,HDFC ERGO,Honda,DEACTIVE,09-06-2013,SQ,2022,commercial,04-08-2028
EV51HBG,no,0,Blue,11-11-2025,29-08-2032,ICICI LOMBARD,HERO MOTOCORP LTD,ACTIVE,20-12-2015,MB,2018,commercial,29-06-2025
EV61NEG,yes,3,Blue,03-11-2023,07-12-2030,United India Insurance,Honda,DEACTIVE,01-11-2021,HD,2015,personal,11-09-2025
BG55USJ,no,0,Green,25-02-2028,18-11-2029,SBI General,Maruti Suzuki,ACTIVE,28-02-2018,RJ,2011,commercial,16-10-2026
IC65USJ,no,0,Silver,12-01-2025,16-02-2031,ICICI LOMBARD,Hyundai,DEACTIVE,18-04-2015,XB,2010,commercial,07-01-2031
BG65USJ,no,0,Green,30-05-2028,15-03-2025,Tata AIG,Honda,ACTIVE,27-11-2017,HA,2011,commercial,26-06-2025
IX54DNV,no,0,Green,09-09-2026,29-05-2031,Oriental Insurance,Maruti Suzuki,ACTIVE,26-01-2023,LK,2014,commercial,01-05-2027
VK64DNV,yes,6,Red,06-07-2028,23-07-2029,Reliance General,HERO MOTOCORP LTD,DEACTIVE,20-11-2019,EN,2012,commercial,12-05-2033
NA50KGL,yes,9,Black,05-01-2031,24-09-2029,SBI General,Maruti Suzuki,ACTIVE,06-04-2010,HF,2009,commercial,27-06-2033
GU65USJ,no,0,Silver,28-02-2033,26-04-2031,SBI General,Maruti Suzuki,DEACTIVE,04-05-2015,PR,2019,commercial,12-03-2032
GV65USJ,no,0,Black,25-03-2028,01-01-2031,Tata AIG,Tata Motors,DEACTIVE,12-04-2022,BE,2011,commercial,28-01-2030
AK54IHV,no,0,Blue,19-08-2027,13-10-2031,Future Generali,Maruti Suzuki,ACTIVE,11-09-2018,HZ,2015,personal,24-06-2031
AK54INY,no,0,Red,30-05-2025,04-03-2031,HDFC ERGO,Tata Motors,DEACTIVE,24-05-2023,KN,2002,commercial,03-04-2026
IK64DXY,yes,4,Red,02-06-2027,14-12-2024,Bajaj Allianz,HERO MOTOCORP LTD,ACTIVE,06-06-2017,QX,2018,personal,11-05-2033
IG65USJ,no,0,Silver,24-09-2016,13-01-2025,SBI General,Tata Motors,ACTIVE,25-05-2022,UI,2019,commercial,27-01-2031
AK64DKY,yes,5,Silver,06-12-2015,05-08-2027,HDFC ERGO,Tata Motors,ACTIVE,21-11-2022,IP,2001,personal,03-06-2032
NA54KCJ,yes,1,Red,09-10-2016,16-02-2030,Oriental Insurance,Hyundai,ACTIVE,11-02-2015,NF,2002,commercial,20-04-2025
IK64DKY,no,0,White,06-10-2019,25-09-2023,Future Generali,Toyota,DEACTIVE,25-07-2016,LK,2006,personal,24-03-2024
AM64DHV,yes,8,Silver,09-11-2030,11-09-2024,Reliance General,Hyundai,ACTIVE,26-02-2022,WX,2001,commercial,16-03-2033
AK64QAV,yes,8,Yellow,09-01-2025,04-03-2032,HDFC ERGO,Toyota,DEACTIVE,24-01-2013,TD,2006,personal,26-10-2030
IK64IKV,no,0,Black,21-07-2033,09-11-2027,SBI General,Toyota,DEACTIVE,08-02-2020,RJ,2009,personal,16-11-2023
AK64IMV,no,0,Yellow,10-03-2026,04-05-2031,United India Insurance,Honda,DEACTIVE,03-05-2021,UM,2022,commercial,26-01-2027
AK54DKV,yes,1,Black,01-11-2025,02-11-2025,SBI General,Honda,DEACTIVE,14-03-2013,VG,2017,personal,06-04-2030
AK64IKV,yes,6,Red,04-07-2024,11-08-2032,Reliance General,Hyundai,DEACTIVE,06-11-2017,FT,2009,commercial,23-02-2026
RA54KOJ,yes,8,White,15-11-2027,18-03-2030,New India Assurance,Maruti Suzuki,ACTIVE,16-11-2016,QK,2022,personal,06-07-2028
AK64DNV,no,0,Red,04-12-2023,21-07-2030,SBI General,Hyundai,DEACTIVE,10-09-2011,LW,2009,personal,28-11-2027
MA54KOJ,no,0,Red,04-03-2033,03-09-2031,Reliance General,Hyundai,ACTIVE,27-08-2013,KG,2005,commercial,14-02-2028
AK54IKV,yes,7,Blue,12-12-2030,29-10-2032,United India Insurance,Tata Motors,DEACTIVE,06-05-2011,KV,2016,personal,27-04-2030
AX54DHV,yes,2,Yellow,02-09-2030,05-02-2029,SBI General,HERO MOTOCORP LTD,DEACTIVE,23-08-2010,TW,2002,personal,01-06-2029
WV62NIJ,yes,10,Green,21-04-2030,03-01-2026,New India Assurance,Tata Motors,ACTIVE,15-05-2019,OP,2020,personal,04-02-2031
AK69DMV,no,0,Blue,04-07-2028,02-02-2030,SBI General,Hyundai,ACTIVE,10-10-2010,MZ,2008,commercial,30-05-2024
NU62HYJ,no,0,Black,15-05-2029,01-08-2029,New India Assurance,Toyota,ACTIVE,12-10-2012,LO,2018,commercial,04-05-2026
US52GIJ,no,0,Yellow,27-02-2025,20-02-2030,Tata AIG,Honda,ACTIVE,07-01-2011,GF,2022,personal,03-10-2029
OU52MYJ,no,0,Blue,02-01-2032,23-12-2028,New India Assurance,Honda,DEACTIVE,13-02-2013,ZF,2004,personal,23-07-2025
QU52HYJ,no,0,Blue,25-05-2033,25-02-2025,ICICI LOMBARD,Hyundai,ACTIVE,27-02-2010,JE,2001,personal,12-09-2026
AF65JKY,yes,4,Yellow,10-02-2024,19-01-2032,Bajaj Allianz,Maruti Suzuki,DEACTIVE,05-11-2013,RB,2011,personal,30-08-2026
GJ16CPL,yes,2,Silver,29-10-2023,16-07-2027,United India Insurance,Maruti Suzuki,DEACTIVE,10-11-2015,FD,2012,personal,09-01-2030
NJ65JKV,yes,7,Black,05-06-2029,18-06-2029,Tata AIG,HERO MOTOCORP LTD,ACTIVE,10-04-2020,BF,2013,commercial,07-03-2027
QJ06EPL,yes,6,Silver,10-05-2024,26-01-2028,United India Insurance,HERO MOTOCORP LTD,ACTIVE,29-12-2014,TY,2021,personal,15-09-2028
OG35EPO,yes,2,Red,27-08-2028,03-01-2025,Reliance General,Maruti Suzuki,DEACTIVE,05-01-2012,LD,2013,commercial,03-07-2031
GJ06EFQ,no,0,Blue,30-12-2023,25-07-2026,Oriental Insurance,Honda,ACTIVE,22-01-2021,LS,2014,personal,09-12-2026
LJ06EPU,no,0,Blue,24-03-2024,13-02-2027,United India Insurance,Toyota,DEACTIVE,30-08-2014,TD,2003,personal,06-10-2029
GJ06CPO,no,0,Green,22-11-2026,26-07-2024,ICICI LOMBARD,Hyundai,ACTIVE,27-01-2014,EA,2023,personal,24-10-2026
GJ16EPI,yes,4,Red,12-04-2031,06-06-2026,Bajaj Allianz,HERO MOTOCORP LTD,ACTIVE,05-05-2019,LG,2013,commercial,22-08-2030
RH06RSO,yes,2,White,12-07-2027,14-07-2026,Future Generali,Toyota,DEACTIVE,17-06-2014,GP,2015,commercial,19-02-2033
GJ16EPQ,no,0,Silver,02-04-2033,22-08-2032,Tata AIG,Toyota,ACTIVE,08-04-2022,RW,2003,commercial,21-10-2023
RH06KSV,no,0,White,12-04-2030,25-09-2023,New India Assurance,HERO MOTOCORP LTD,ACTIVE,15-01-2015,UL,2021,personal,22-07-2029
LG30EEP,yes,8,Yellow,07-02-2033,25-06-2031,Reliance General,Tata Motors,ACTIVE,24-11-2010,AJ,2012,personal,20-07-2024
IG36EPD,yes,3,Blue,26-06-2025,02-10-2026,Bajaj Allianz,Hyundai,ACTIVE,27-06-2013,YA,2009,personal,15-05-2026
TJ06EPO,yes,7,Yellow,25-01-2032,12-05-2024,Reliance General,Toyota,DEACTIVE,10-11-2022,BS,2001,commercial,15-03-2026
CJ06EPO,yes,10,Black,29-04-2026,02-12-2031,Oriental Insurance,Maruti Suzuki,DEACTIVE,06-09-2016,MX,2019,personal,18-02-2026
LW15ZZC,no,0,White,01-07-2032,16-10-2032,Future Generali,Toyota,DEACTIVE,02-04-2015,HU,2009,commercial,08-12-2030
GJ06EPN,no,0,Silver,30-12-2027,20-05-2031,ICICI LOMBARD,HERO MOTOCORP LTD,ACTIVE,05-09-2013,RV,2020,commercial,09-10-2030
GJ06EPP,no,0,Silver,21-07-2032,18-06-2026,Oriental Insurance,HERO MOTOCORP LTD,ACTIVE,15-03-2018,WN,2009,commercial,20-03-2029
DJ06EPQ,no,0,Red,05-11-2030,05-12-2030,United India Insurance,Maruti Suzuki,DEACTIVE,01-03-2018,JY,2011,commercial,06-04-2027
GJ05EFD,yes,8,Green,07-07-2032,08-12-2023,United India Insurance,Honda,ACTIVE,13-05-2010,EO,2000,personal,02-01-2027
LH55ZZC,yes,2,Red,22-11-2023,16-10-2029,Oriental Insurance,Hyundai,ACTIVE,28-06-2015,OV,2008,personal,29-01-2024
QJ06EPQ,yes,7,White,23-02-2029,28-06-2031,Future Generali,Hyundai,ACTIVE,25-10-2019,SO,2006,personal,12-02-2028
LK15ZZC,yes,9,Blue,04-09-2024,30-04-2027,Bajaj Allianz,Hyundai,DEACTIVE,29-09-2012,EK,2002,personal,15-11-2028
LI03NIS,yes,1,Green,05-08-2032,15-04-2029,SBI General,Tata Motors,ACTIVE,03-07-2023,CR,2022,commercial,23-01-2033
DA07CLR,no,0,Yellow,27-04-2028,29-05-2032,ICICI LOMBARD,Hyundai,DEACTIVE,12-09-2020,WU,2012,personal,25-03-2030
DA07CLK,yes,7,Red,05-03-2031,25-01-2033,HDFC ERGO,Maruti Suzuki,ACTIVE,28-06-2011,FB,2004,personal,26-11-2032
LY09VIS,yes,7,Black,01-12-2031,25-06-2026,HDFC ERGO,Tata Motors,ACTIVE,12-09-2014,YQ,2008,personal,01-03-2027
EV06VIS,no,0,White,04-10-2026,25-02-2025,Reliance General,HERO MOTOCORP LTD,DEACTIVE,17-11-2011,VR,2023,commercial,04-09-2023
EV03VVS,no,0,Blue,01-10-2029,29-03-2028,United India Insurance,Tata Motors,DEACTIVE,05-04-2020,EK,2021,personal,06-09-2023
EX06KVS,yes,2,Yellow,29-02-2032,09-09-2028,Oriental Insurance,Hyundai,DEACTIVE,28-05-2013,DW,2002,commercial,06-04-2026
ET06VIS,yes,8,Green,01-12-2031,31-10-2032,Future Generali,HERO MOTOCORP LTD,ACTIVE,26-09-2019,NE,2012,commercial,22-04-2032
EY06YYS,no,0,Red,03-07-2024,24-04-2030,Tata AIG,Toyota,ACTIVE,16-06-2021,VJ,2020,commercial,06-11-2025
EX06VUS,no,0,Silver,27-06-2033,05-01-2032,Tata AIG,Toyota,ACTIVE,12-04-2017,AP,2012,personal,12-06-2029
EX06VVS,no,0,Red,27-02-2032,08-11-2029,HDFC ERGO,Hyundai,ACTIVE,30-11-2016,LP,2004,commercial,02-07-2033
EY03VVS,yes,8,Red,20-08-2030,17-12-2029,Reliance General,HERO MOTOCORP LTD,ACTIVE,19-11-2012,XE,2009,personal,19-08-2029
EV06VUS,no,0,Green,26-10-2032,15-10-2028,New India Assurance,Hyundai,DEACTIVE,06-03-2019,SG,2008,commercial,22-03-2026
EY09VMS,yes,3,Green,17-09-2028,04-12-2027,HDFC ERGO,HERO MOTOCORP LTD,DEACTIVE,28-05-2020,AV,2012,personal,10-08-2030
EY05VVS,no,0,Red,08-02-2031,01-08-2026,Tata AIG,Tata Motors,DEACTIVE,09-01-2021,IC,2023,personal,05-12-2028
EY06WYS,no,0,Green,23-09-2030,17-09-2024,New India Assurance,HERO MOTOCORP LTD,ACTIVE,03-08-2021,OJ,2021,personal,28-06-2029
EY06WWS,no,0,Red,01-06-2026,16-05-2024,HDFC ERGO,HERO MOTOCORP LTD,ACTIVE,21-04-2020,YC,2020,commercial,10-10-2031
EY09VHS,no,0,Black,15-03-2033,21-02-2028,ICICI LOMBARD,Honda,ACTIVE,15-03-2012,QP,2012,commercial,10-01-2027
EY09VFS,yes,7,Yellow,20-11-2027,01-12-2026,ICICI LOMBARD,Hyundai,ACTIVE,02-04-2015,FC,2020,commercial,06-05-2025
EY09KYS,yes,8,Black,14-05-2025,16-09-2023,United India Insurance,Hyundai,ACTIVE,13-08-2018,MI,2006,commercial,05-12-2023
EY05VMS,no,0,Black,10-09-2031,15-08-2030,United India Insurance,Toyota,DEACTIVE,26-10-2013,VJ,2003,personal,05-08-2029
EY05VHS,no,0,Silver,30-09-2027,21-03-2024,SBI General,Hyundai,ACTIVE,10-03-2013,XQ,2002,commercial,30-04-2033
EY09WUS,yes,8,Red,27-01-2032,15-03-2028,New India Assurance,Maruti Suzuki,DEACTIVE,10-06-2011,WY,2011,personal,31-07-2029
EV09VMS,yes,10,White,13-02-2033,28-01-2025,Future Generali,Honda,DEACTIVE,08-06-2015,WI,2000,personal,22-05-2031
EY01VYS,yes,5,Green,05-07-2030,08-09-2029,ICICI LOMBARD,Toyota,DEACTIVE,09-08-2013,LZ,2003,commercial,13-10-2031
EY03VNS,yes,4,Blue,19-12-2024,31-03-2024,Future Generali,Maruti Suzuki,DEACTIVE,15-04-2021,MY,2009,personal,17-12-2028
EY09WYS,no,0,Green,20-07-2029,10-06-2028,United India Insurance,HERO MOTOCORP LTD,DEACTIVE,21-02-2014,NK,2023,commercial,04-04-2033
EY09VPS,no,0,Green,23-09-2026,09-11-2024,Tata AIG,Hyundai,ACTIVE,28-03-2020,SP,2012,commercial,22-06-2030
BP63LTH,yes,7,White,24-12-2030,28-07-2024,ICICI LOMBARD,Tata Motors,DEACTIVE,16-12-2019,RF,2009,commercial,08-12-2031
KG65ZFY,yes,9,White,11-02-2030,01-05-2033,ICICI LOMBARD,HERO MOTOCORP LTD,DEACTIVE,12-08-2014,NC,2020,commercial,26-12-2025
UG65ZFY,yes,3,White,01-01-2033,28-11-2032,SBI General,Hyundai,ACTIVE,15-04-2011,SZ,2016,commercial,03-09-2030
NC55ZFK,yes,4,Green,01-02-2031,27-08-2026,United India Insurance,HERO MOTOCORP LTD,ACTIVE,19-01-2021,ZP,2001,personal,24-05-2029
OC65ZFX,yes,10,Green,06-03-2033,01-02-2029,ICICI LOMBARD,Toyota,DEACTIVE,11-12-2011,UF,2002,personal,15-03-2030
IN66SZF,no,0,Black,17-01-2025,15-03-2031,HDFC ERGO,Honda,DEACTIVE,08-08-2014,EU,2007,personal,31-12-2025
KC65ZFY,no,0,Red,12-06-2027,21-05-2024,SBI General,Honda,ACTIVE,06-07-2015,DM,2007,personal,29-11-2031
NC55ZFX,no,0,Black,14-09-2023,22-10-2025,HDFC ERGO,Honda,DEACTIVE,02-08-2012,XX,2015,personal,19-06-2030
NC65ZEY,yes,6,Green,12-09-2029,10-11-2025,United India Insurance,Hyundai,DEACTIVE,11-08-2020,SE,2017,commercial,06-04-2032
VC65ZFX,yes,2,Black,13-06-2031,13-01-2024,Future Generali,Toyota,DEACTIVE,23-08-2022,FT,2014,personal,17-06-2024
UG65ZFX,no,0,Green,21-03-2027,22-03-2024,Bajaj Allianz,HERO MOTOCORP LTD,DEACTIVE,20-12-2021,AG,2019,personal,28-03-2033
AG65ZFX,yes,2,Black,20-11-2026,17-12-2029,Future Generali,Maruti Suzuki,DEACTIVE,11-05-2021,RB,2019,commercial,13-09-2023
NG65ZFK,no,0,Silver,05-07-2027,08-09-2027,HDFC ERGO,Maruti Suzuki,ACTIVE,10-12-2019,BB,2018,commercial,09-09-2030
LL61PZS,yes,6,Yellow,25-09-2028,17-05-2031,SBI General,Maruti Suzuki,DEACTIVE,30-11-2017,ZO,2001,personal,07-04-2026
LL51FZS,no,0,Yellow,16-08-2028,09-06-2024,Reliance General,HERO MOTOCORP LTD,ACTIVE,25-10-2016,DS,2012,commercial,18-03-2027
LL61FZS,yes,5,White,20-04-2027,08-12-2028,ICICI LOMBARD,Hyundai,ACTIVE,10-07-2018,KV,2019,personal,18-05-2032
IL64OGX,yes,9,Green,17-12-2032,02-06-2029,HDFC ERGO,Tata Motors,ACTIVE,19-11-2018,BH,2013,personal,04-02-2029
HL54OGX,no,0,Silver,23-08-2030,03-02-2032,HDFC ERGO,Honda,DEACTIVE,03-01-2010,FY,2010,commercial,25-09-2024
HL60OGX,no,0,Silver,10-07-2033,03-02-2028,Future Generali,Hyundai,ACTIVE,21-09-2010,GW,2020,personal,05-02-2030
HL60OCX,no,0,Green,14-12-2026,12-03-2024,Future Generali,Tata Motors,ACTIVE,09-05-2012,BP,2015,commercial,22-11-2026
LP14LJI,no,0,Black,18-01-2024,01-02-2027,ICICI LOMBARD,HERO MOTOCORP LTD,DEACTIVE,28-09-2019,EA,2022,personal,12-08-2031
KL50CCY,yes,2,Green,19-03-2029,26-05-2025,Bajaj Allianz,Maruti Suzuki,DEACTIVE,09-01-2022,SF,2002,personal,26-05-2024
NL50CCY,yes,3,Silver,14-10-2027,22-03-2028,United India Insurance,Toyota,ACTIVE,29-10-2014,EO,2000,commercial,11-10-2030
NL54CCY,no,0,Yellow,16-06-2029,11-08-2032,Oriental Insurance,Hyundai,DEACTIVE,04-02-2018,QW,2006,commercial,18-06-2027
NL64OGK,yes,6,White,22-03-2026,19-03-2027,HDFC ERGO,Honda,ACTIVE,07-02-2018,TF,2008,personal,19-05-2033
LP16LJA,no,0,Black,01-03-2031,12-02-2032,SBI General,Honda,DEACTIVE,09-04-2017,XT,2022,personal,15-01-2029
CE61LYU,no,0,Blue,29-04-2033,27-11-2026,Oriental Insurance,Honda,ACTIVE,20-07-2011,KL,2011,commercial,12-10-2029
CE61NYI,no,0,Yellow,15-03-2024,21-10-2027,Bajaj Allianz,Tata Motors,DEACTIVE,25-11-2010,XK,2009,commercial,19-11-2027
CE51NYL,no,0,Yellow,10-01-2025,18-07-2031,Tata AIG,HERO MOTOCORP LTD,ACTIVE,03-08-2018,QJ,2022,commercial,26-12-2026
CE61IYL,no,0,Blue,10-07-2031,13-12-2024,SBI General,HERO MOTOCORP LTD,DEACTIVE,02-05-2011,XC,2009,commercial,29-05-2026
CE61DYL,yes,4,Green,23-10-2030,25-11-2029,ICICI LOMBARD,Toyota,DEACTIVE,13-10-2010,FF,2001,commercial,23-01-2033
CE51CYL,yes,10,Yellow,09-06-2024,15-12-2028,SBI General,Maruti Suzuki,DEACTIVE,07-05-2011,AC,2021,personal,12-11-2026
CE51DYL,no,0,White,21-11-2023,22-03-2029,New India Assurance,Hyundai,ACTIVE,17-07-2016,XO,2019,personal,25-09-2026
EC56DWP,yes,8,Green,17-12-2029,29-11-2026,SBI General,HERO MOTOCORP LTD,DEACTIVE,19-02-2010,EG,2009,commercial,10-07-2030
SC55DFP,yes,4,Blue,03-07-2026,28-03-2025,ICICI LOMBARD,Toyota,ACTIVE,14-07-2015,QM,2006,personal,04-11-2024
SC55DKP,no,0,White,15-11-2031,25-01-2032,Future Generali,Honda,DEACTIVE,12-12-2021,ZH,2003,commercial,28-08-2030
SC55DVP,yes,9,Green,28-08-2029,10-01-2027,Bajaj Allianz,HERO MOTOCORP LTD,ACTIVE,20-05-2014,SS,2017,personal,04-09-2029
SC56OYP,yes,7,Yellow,17-05-2026,14-12-2029,Bajaj Allianz,Maruti Suzuki,DEACTIVE,09-02-2015,UT,2017,commercial,09-01-2029
